date, pm25, pm10, o3, no2, so2, co
2024/11/2, 46, , 32, 14, , 
2024/11/3, 45, , 34, 4, , 
2024/11/4, 27, , 31, 13, , 
2024/11/5, 22, , 31, 22, , 
2024/11/6, 43, , 34, 16, , 
2024/11/7, 33, , 27, 20, , 
2024/11/8, 29, , 31, 21, , 
2024/11/9, 38, , 36, 25, , 
2024/11/10, 60, , 47, 24, , 
2024/11/11, 72, , 39, 21, , 
2024/11/12, 64, , 36, 11, , 
2024/11/13, 26, , 36, 20, , 
2024/11/14, 29, , 32, 17, , 
2024/11/15, 35, , 32, 6, , 
2024/11/16, 24, , 31, 6, , 
2024/11/17, 18, , 29, 14, , 
2024/11/18, 27, , 34, 19, , 
2024/11/19, 45, , , , , 
2024/10/2, 54, , 79, 19, , 
2024/10/3, 51, , 63, 19, , 
2024/10/4, 64, , 74, 15, , 
2024/10/5, 73, , 61, 10, 13, 
2024/10/6, 63, , 8, 12, , 
2024/10/7, 61, , 69, 16, , 
2024/10/8, 59, , 45, 17, , 
2024/10/9, 55, , 53, 12, , 
2024/10/10, 65, , 65, 14, , 
2024/10/11, 81, , 55, 18, , 
2024/10/12, 55, , 56, 17, , 
2024/10/13, 61, , 42, 10, , 
2024/10/14, 59, , 37, 7, , 
2024/10/15, 54, , 40, 7, , 
2024/10/16, 64, , 35, 7, , 
2024/10/17, 74, , 36, 5, , 
2024/10/18, 41, , 36, 7, , 
2024/10/19, 24, , 42, 11, , 
2024/10/20, 28, , 49, 16, , 
2024/10/21, 38, , 46, 16, , 
2024/10/22, 32, , 51, 21, , 
2024/10/23, 33, , 69, 22, , 
2024/10/24, 45, , 63, 23, , 
2024/10/25, 58, , 54, 23, , 
2024/10/26, 62, , 57, 18, , 
2024/10/27, 55, , 57, 19, , 
2024/10/28, 70, , 28, 9, , 
2024/10/29, 43, , 32, 8, , 
2024/10/30, 19, , 37, 17, , 
2024/10/31, 36, , 39, 16, , 
2024/11/1, 32, , 39, 19, , 
2024/7/2, 54, , 57, 9, , 
2024/7/3, 52, , 61, 10, , 
2024/7/4, 46, , 60, 7, , 
2024/7/5, 52, , 62, 9, , 
2024/7/6, 137, , 50, 8, , 
2024/7/7, 62, , 47, 6, , 
2024/7/8, 52, , 48, 7, , 
2024/7/9, 48, , 64, 10, , 
2024/7/10, 49, , 68, 11, , 
2024/7/11, 56, , 64, 11, , 
2024/7/12, 55, , 41, 8, , 
2024/7/13, 63, , 50, 6, , 
2024/7/14, 57, , 45, 6, , 
2024/7/15, 53, , 46, 6, , 
2024/7/16, 41, , 46, 8, , 
2024/7/17, 38, , 54, 8, , 
2024/7/18, 39, , 56, 7, , 
2024/7/19, 47, , 67, 9, , 
2024/7/20, 52, , 60, 10, , 
2024/7/21, 46, , 49, 8, , 
2024/7/22, 49, , 50, 9, , 
2024/7/23, 48, , 53, 8, , 
2024/7/24, 46, , 51, 9, , 
2024/7/25, 47, , 54, 11, , 
2024/7/26, 56, , 56, 9, , 
2024/7/27, 47, , 44, 8, , 
2024/7/28, 56, , 45, 7, , 
2024/7/29, 39, , 44, 9, , 
2024/7/30, 34, , 53, 10, , 
2024/7/31, 42, , 53, 11, , 
2024/8/1, 47, , 57, 12, , 
2024/8/2, 46, , 72, 11, , 
2024/8/3, 49, , 61, 12, , 
2024/8/4, 45, , 61, 11, , 
2024/8/5, 48, , 70, 13, , 
2024/8/6, 49, , 68, 12, , 
2024/8/7, 53, , 42, 10, , 
2024/8/8, 61, , 48, 10, , 
2024/8/9, 57, , 57, 9, , 
2024/8/10, 54, , 73, 9, , 
2024/8/11, 55, , 66, 8, , 
2024/8/12, 59, , 49, 10, , 
2024/8/13, 51, , 57, 11, , 
2024/8/14, 50, , 56, 11, , 
2024/8/15, 55, , 53, 11, , 
2024/8/16, 49, , 62, 12, , 
2024/8/17, 56, , 44, 5, , 
2024/8/18, 56, , 46, 5, , 
2024/8/19, 49, , 58, 10, , 
2024/8/20, 40, , 67, 14, , 
2024/8/21, 35, , 69, 12, , 
2024/8/22, 51, , 46, 7, , 
2024/8/23, 45, , 45, 6, , 
2024/8/24, 44, , 48, 7, , 
2024/8/25, 45, , 47, 6, , 
2024/8/26, 46, , 52, 9, , 
2024/8/27, 48, , 50, 8, , 
2024/8/28, 51, , 56, 6, , 
2024/8/29, 52, , 51, 5, , 
2024/8/30, 55, , 49, 8, , 
2024/8/31, 51, , 54, 9, , 
2024/9/1, 57, , 60, 8, , 
2024/9/2, 59, , 66, 8, , 
2024/9/3, 60, , 56, 12, , 
2024/9/4, 55, , 57, 12, , 
2024/9/5, 43, , 98, 23, , 
2024/9/6, 51, , 29, , , 
2024/9/10, 16, , 49, 14, , 
2024/9/11, 38, , 42, 10, , 
2024/9/12, 45, , 42, 7, , 
2024/9/13, 49, , 45, 6, , 
2024/9/14, 49, , 51, 4, , 
2024/9/15, 54, , 44, 2, , 
2024/9/16, 34, , 35, 2, , 
2024/9/17, 23, , 38, 6, , 
2024/9/18, 31, , 39, 9, , 
2024/9/19, 39, , 36, 7, , 
2024/9/20, 35, , 39, 7, , 
2024/9/21, 33, , 45, 6, , 
2024/9/22, 48, , 48, 6, , 
2024/9/23, 53, , 58, 11, , 
2024/9/24, 53, , 42, 9, , 
2024/9/25, 59, , 37, 7, , 
2024/9/26, 51, , 41, 11, , 
2024/9/27, 41, , 39, 11, , 
2024/9/28, 51, , 51, 9, , 
2024/9/29, 49, , 47, 9, , 
2024/9/30, 46, , 63, 14, , 
2024/10/1, 53, , 61, 16, , 
2024/4/2, 18, , 38, 12, , 
2024/4/3, 24, , 43, 13, , 
2024/4/4, 36, , 32, 3, , 
2024/4/5, 24, , 36, 4, , 
2024/4/6, 18, , 38, 9, , 
2024/4/7, 25, , 38, 10, , 
2024/4/8, 31, , 40, 9, , 
2024/4/9, 25, , 42, 8, , 
2024/4/10, 17, , 48, 17, , 
2024/4/11, 40, , 54, 17, , 
2024/4/12, 53, , 38, 9, , 
2024/4/13, 62, , 41, 4, , 
2024/4/14, 22, , 34, 8, , 
2024/4/15, 28, , 42, 10, , 
2024/4/16, 31, , 49, 13, , 
2024/4/17, 30, , 46, 13, , 
2024/4/18, 36, , 40, 15, , 
2024/4/19, 52, , 44, 6, , 
2024/4/20, 53, , 48, 5, , 
2024/4/21, 54, , 49, 7, , 
2024/4/22, 53, , 46, 8, , 
2024/4/23, 75, , 41, 4, , 
2024/4/24, 28, , 39, 5, , 
2024/4/25, 28, , 33, 3, , 
2024/4/26, 19, , 31, 5, , 
2024/4/27, 25, , 34, 5, , 
2024/5/1, 55, , 43, 5, , 
2024/5/2, 53, , 46, 8, , 
2024/5/3, 55, , 49, 5, , 
2024/5/4, 53, , 37, 3, , 
2024/5/5, 38, , 38, 1, , 
2024/5/6, 14, , 37, 6, , 
2024/5/7, 27, , 45, 10, , 
2024/5/8, 37, , 46, 8, , 
2024/5/9, 42, , 44, 5, , 
2024/5/10, 49, , 39, 5, , 
2024/5/11, 46, , 36, 5, , 
2024/5/12, 42, , 49, 5, , 
2024/5/13, 59, , 37, 6, , 
2024/5/14, 51, , 42, 5, , 
2024/5/15, 49, , 34, 6, , 
2024/5/16, 40, , 40, 3, , 
2024/5/17, 32, , 37, 5, , 
2024/5/18, 38, , 37, 4, , 
2024/5/19, 33, , 42, 3, , 
2024/5/20, 35, , 40, 4, , 
2024/5/21, 30, , 43, 5, , 
2024/5/22, 42, , 44, 5, , 
2024/5/23, 49, , 39, 5, , 
2024/5/24, 45, , 38, 5, , 
2024/5/25, 41, , 32, 3, , 
2024/5/26, 25, , 35, 4, , 
2024/5/27, 30, , 43, 6, , 
2024/5/28, 45, , 40, 6, , 
2024/5/29, 51, , 42, 7, , 
2024/5/30, 53, , 46, 8, , 
2024/5/31, 59, , 48, 6, , 
2024/6/1, 60, , 49, 5, , 
2024/6/2, 53, , 40, 4, , 
2024/6/3, 40, , 41, 6, , 
2024/6/4, 45, , 50, 7, , 
2024/6/5, 56, , 57, 7, , 
2024/6/6, 62, , 51, 6, , 
2024/6/7, 54, , 37, 6, , 
2024/6/8, 38, , 33, 4, , 
2024/6/9, 40, , 36, 4, , 
2024/6/10, 26, , 43, 5, , 
2024/6/11, 39, , 41, 7, , 
2024/6/12, 46, , 45, 6, , 
2024/6/13, 43, , 41, 5, , 
2024/6/14, 39, , 58, 7, , 
2024/6/15, 45, , 47, 11, , 
2024/6/16, 57, , 46, 7, , 
2024/6/17, 64, , 41, 3, , 
2024/6/18, 60, , 48, 5, , 
2024/6/19, 57, , 48, 5, , 
2024/6/20, 61, , 46, 7, , 
2024/6/21, 48, , 56, 9, , 
2024/6/22, 51, , 71, 11, , 
2024/6/23, 55, , 55, 9, , 
2024/6/24, 46, , 59, 9, , 
2024/6/25, 40, , 41, 8, , 
2024/6/26, 49, , 45, 6, , 
2024/6/27, 52, , 49, 7, , 
2024/6/28, 51, , 45, 7, , 
2024/6/29, 52, , 54, 7, , 
2024/6/30, 53, , 61, 7, , 
2024/7/1, 46, , 66, 10, , 
2024/1/2, 79, , 26, 17, , 
2024/1/3, 41, , 30, 9, , 
2024/1/4, 38, , 30, 6, , 
2024/1/5, 14, , 17, 20, , 
2024/1/6, 39, , 24, 18, , 
2024/1/7, 41, , 30, 3, , 
2024/1/8, 16, , 26, 11, , 
2024/1/9, 20, , 21, 22, , 
2024/1/10, 31, , 24, 19, , 
2024/1/11, 46, , 33, 8, , 
2024/1/12, 21, , 27, 21, , 
2024/1/13, 34, , 27, 20, , 
2024/1/14, 55, , 31, 15, , 
2024/1/15, 67, , 31, 18, , 
2024/1/16, 71, , 30, 18, , 
2024/1/17, 66, , 13, 18, , 
2024/1/18, 64, , 27, 17, , 
2024/1/19, 57, , 22, 21, , 
2024/1/20, 66, , 17, 17, , 
2024/1/21, 49, , 27, 6, , 
2024/1/22, 18, , 26, 7, , 
2024/1/23, 22, , 29, 11, , 
2024/1/24, 27, , 16, 16, , 
2024/1/25, 38, , 25, 10, , 
2024/1/26, 30, , 23, 20, , 
2024/1/27, 36, , 31, 21, , 
2024/1/28, 43, , 31, 17, , 
2024/1/29, 38, , 32, 21, , 
2024/1/30, 31, , 27, 27, , 
2024/1/31, 41, , 33, 19, , 
2024/2/1, 57, , 31, 6, , 
2024/2/2, 21, , 31, 12, , 
2024/2/3, 22, , 31, 11, , 
2024/2/4, 31, , 31, 3, , 
2024/2/5, 18, , 27, 8, , 
2024/2/6, 12, , 27, 10, , 
2024/2/7, 24, , 32, 10, , 
2024/2/8, 23, , 31, 9, , 
2024/2/9, 18, , 30, 10, , 
2024/2/10, 24, , 33, 6, , 
2024/2/11, 20, , 34, 14, , 
2024/2/12, 32, , 36, 18, , 
2024/2/13, 31, , 30, 19, , 
2024/2/14, 39, , 35, 14, , 
2024/2/15, 44, , 30, 13, , 
2024/2/16, 39, , 32, 12, , 
2024/2/17, 51, , 30, 11, , 
2024/2/18, 67, , 28, 7, , 
2024/2/19, 18, , 24, 4, , 
2024/2/20, 14, , 26, 6, , 
2024/2/21, 16, , 32, 7, , 
2024/2/22, 17, , 33, 12, , 
2024/2/23, 33, , 35, 17, , 
2024/2/24, 32, , 33, 18, , 
2024/2/25, 33, , 33, 16, , 
2024/2/26, 47, , 28, 17, , 
2024/2/27, 47, , 28, 13, , 
2024/2/28, 47, , 31, 12, , 
2024/2/29, 39, , 32, 6, , 
2024/3/1, 41, , 28, 5, , 
2024/3/2, 12, , 30, 2, , 
2024/3/3, 13, , 31, 5, , 
2024/3/4, 16, , 33, 13, , 
2024/3/5, 35, , 35, 11, , 
2024/3/6, 29, , 25, 9, , 
2024/3/7, 18, , 29, 11, , 
2024/3/8, 23, , 32, 13, , 
2024/3/9, 32, , 37, 13, , 
2024/3/10, 34, , 38, 10, , 
2024/3/11, 31, , 34, 11, , 
2024/3/12, 25, , 33, 6, , 
2024/3/13, 17, , 33, 6, , 
2024/3/14, 19, , 37, 5, , 
2024/3/15, 21, , 28, 9, , 
2024/3/16, 19, , 39, 8, , 
2024/3/17, 24, , 43, 10, , 
2024/3/18, 39, , 39, 14, , 
2024/3/19, 41, , 43, 13, , 
2024/3/20, 38, , 47, 14, , 
2024/3/21, 54, , 43, 9, , 
2024/3/22, 62, , 40, 11, , 
2024/3/23, 57, , 34, 3, , 
2024/3/24, 18, , 33, 3, , 
2024/3/25, 17, , 33, 7, , 
2024/3/26, 19, , 37, 9, , 
2024/3/27, 34, , 45, 12, , 
2024/3/28, 41, , 33, 13, , 
2024/3/29, 40, , 37, 4, , 
2024/3/30, 23, , 36, 3, , 
2024/3/31, 16, , 37, 3, , 
2024/4/1, 14, , 35, 9, , 
2023/10/2, 19, , 33, 9, , 
2023/10/3, 28, , 41, 11, , 
2023/10/4, 28, , 41, 18, , 
2023/10/5, 33, , 42, 16, , 
2023/10/6, 33, , 47, 18, , 
2023/10/7, 27, , 68, 19, , 
2023/10/8, 47, , 58, 13, , 
2023/10/9, 53, , 41, 12, , 
2023/10/10, 51, , 34, 9, , 
2023/10/11, 33, , 35, 6, , 
2023/10/12, 22, , 43, 13, , 
2023/10/13, 40, , 42, 15, , 
2023/10/14, 47, , 48, 13, , 
2023/10/15, 39, , 56, 16, , 
2023/10/16, 39, , 63, 20, , 
2023/10/17, 50, , 69, 20, , 
2023/10/18, 56, , 73, 17, , 
2023/10/19, 55, , 57, 18, , 
2023/10/20, 51, , 53, 17, , 
2023/10/21, 40, , 44, 14, , 
2023/10/22, 35, , 34, 7, , 
2023/10/23, 25, , 30, 5, , 
2023/10/24, 19, , 33, 10, , 
2023/10/25, 31, , 31, 4, , 
2023/10/26, 21, , 36, 6, , 
2023/10/27, 22, , 41, 13, , 
2023/10/28, 39, , 39, 15, , 
2023/10/29, 47, , 37, 9, , 
2023/10/30, 24, , 33, 24, , 
2023/10/31, 38, , 34, 26, , 
2023/11/1, 32, , 41, 23, , 
2023/11/2, 30, , 48, 24, , 
2023/11/3, 33, , 55, 27, , 
2023/11/4, 53, , 60, 24, , 
2023/11/5, 63, , 78, 20, , 
2023/11/6, 66, , 42, 17, , 
2023/11/7, 55, , 31, 5, , 
2023/11/8, 18, , 33, 3, , 
2023/11/9, 11, , 34, 10, , 
2023/11/10, 14, , 31, 23, , 
2023/11/11, 36, , 36, 23, , 
2023/11/12, 49, , 40, 20, , 
2023/11/13, 43, , 33, 27, , 
2023/11/14, 51, , 36, 26, , 
2023/11/15, 49, , 26, 23, , 
2023/11/16, 41, , 28, 10, , 
2023/11/17, 24, , 28, 10, , 
2023/11/18, 30, , 26, 5, , 
2023/11/19, 20, , 33, 4, , 
2023/11/20, 18, , 29, 20, , 
2023/11/21, 38, , 22, 23, , 
2023/11/22, 38, , 30, 20, , 
2023/11/23, 26, , 34, 14, , 
2023/11/24, 37, , 34, 8, , 
2023/11/25, 31, , 33, 12, , 
2023/11/26, 35, , 28, 14, , 
2023/11/27, 27, , 26, 18, , 
2023/11/28, 28, , 26, 20, , 
2023/11/29, 29, , 25, 19, , 
2023/11/30, 35, , 25, 13, , 
2023/12/1, 28, , 31, 4, , 
2023/12/2, 17, , 31, 17, , 
2023/12/3, 38, , 34, 19, , 
2023/12/4, 59, , 28, 23, , 
2023/12/5, 55, , 27, 23, , 
2023/12/6, 33, , 26, 21, , 
2023/12/7, 40, , 32, 12, , 
2023/12/8, 31, , 30, 15, , 
2023/12/9, 33, , 26, 21, , 
2023/12/10, 41, , 28, 20, , 
2023/12/11, 36, , 19, 29, , 
2023/12/12, 44, , 22, 28, , 
2023/12/13, 70, , 24, 22, , 
2023/12/14, 65, , 23, 23, , 
2023/12/15, 44, , 26, 23, , 
2023/12/16, 34, , 28, 22, , 
2023/12/17, 41, , 22, 22, , 
2023/12/18, 38, , 15, 24, , 
2023/12/19, 39, , 15, 14, , 
2023/12/20, 42, , 22, 8, , 
2023/12/21, 29, , 20, 9, , 
2023/12/22, 17, , 27, 8, , 
2023/12/23, 15, , 23, 11, , 
2023/12/24, 45, , 30, 9, , 
2023/12/25, 54, , 27, 11, , 
2023/12/26, 74, , 18, 18, , 
2023/12/27, 74, , 19, 17, , 
2023/12/28, 66, , 23, 17, , 
2023/12/29, 71, , 19, 18, , 
2023/12/30, 63, , 29, 9, , 
2023/12/31, 40, , 21, 12, , 
2024/1/1, 46, , 28, 12, , 
2023/7/2, 59, , 53, 6, , 
2023/7/3, 51, , 49, 8, , 
2023/7/4, 51, , 46, 7, , 
2023/7/5, 69, , 45, 6, , 
2023/7/6, 90, , 44, 7, , 
2023/7/7, 51, , 47, 6, , 
2023/7/8, 54, , 50, 7, , 
2023/7/9, 49, , 51, 6, , 
2023/7/10, 52, , 53, 9, , 
2023/7/11, 42, , 57, 12, , 
2023/7/12, 44, , 48, 12, , 
2023/7/13, 34, , 50, 12, , 
2023/7/14, 35, , 77, 13, , 
2023/7/15, 37, , 65, 9, , 
2023/7/16, 52, , 59, 7, , 
2023/7/17, 54, , 71, 9, , 
2023/7/18, 55, , 51, 9, , 
2023/7/19, 44, , 45, 8, , 
2023/7/20, 37, , 54, 11, , 
2023/7/21, 45, , 49, 12, , 
2023/7/22, 52, , 63, 9, , 
2023/7/23, 61, , 57, 7, , 
2023/7/24, 54, , 66, 9, , 
2023/7/25, 53, , 71, 11, , 
2023/7/26, 55, , 49, 11, , 
2023/7/27, 49, , 68, 13, , 
2023/7/28, 53, , 56, 9, , 
2023/7/29, 52, , 77, 8, , 
2023/7/30, 61, , 61, 8, , 
2023/7/31, 59, , 47, 10, , 
2023/8/1, 56, , 49, 9, , 
2023/8/2, 53, , 50, 10, , 
2023/8/3, 47, , 44, 9, , 
2023/8/4, 40, , 53, 8, , 
2023/8/5, 44, , 56, 9, , 
2023/8/6, 49, , 63, 9, , 
2023/8/7, 56, , 67, 8, , 
2023/8/8, 60, , 39, 10, , 
2023/8/9, 41, , 27, 7, , 
2023/8/10, 40, , 34, 5, , 
2023/8/11, 33, , 36, 4, , 
2023/8/12, 35, , 35, 5, , 
2023/8/13, 33, , 37, 5, , 
2023/8/14, 42, , 40, 5, , 
2023/8/15, 36, , 50, 8, , 
2023/8/16, 41, , 45, 13, , 
2023/8/17, 42, , 47, 11, , 
2023/8/18, 39, , 44, 10, , 
2023/8/19, 38, , 36, 11, , 
2023/8/20, 35, , 29, 7, , 
2023/8/21, 26, , 34, 2, , 
2023/8/22, 15, , 35, 8, , 
2023/8/23, 35, , 43, 10, , 
2023/8/24, 42, , 39, 8, , 
2023/8/25, 49, , 40, 8, , 
2023/8/26, 40, , 49, 11, , 
2023/8/27, 46, , 65, 12, , 
2023/8/28, 46, , 75, 15, , 
2023/8/29, 48, , 91, 17, , 
2023/8/30, 59, , 86, 18, , 
2023/8/31, 60, , 49, 13, , 
2023/9/1, 64, , 36, 6, , 
2023/9/2, 59, , 17, 3, , 
2023/9/3, 28, , 24, 2, , 
2023/9/4, 20, , 37, 5, , 
2023/9/5, 40, , 34, 6, , 
2023/9/6, 37, , 50, 4, , 
2023/9/7, 40, , 63, 11, , 
2023/9/8, 44, , 55, 13, , 
2023/9/9, 43, , 54, 11, , 
2023/9/10, 38, , 54, 11, , 
2023/9/11, 43, , 46, 13, , 
2023/9/12, 47, , 46, 10, , 
2023/9/13, 46, , 43, 5, , 
2023/9/14, 34, , 42, 5, , 
2023/9/15, 42, , 40, 4, , 
2023/9/16, 40, , 39, 3, , 
2023/9/17, 37, , 40, 3, , 
2023/9/18, 24, , 45, 4, , 
2023/9/19, 29, , 44, 7, , 
2023/9/20, 42, , 39, 4, , 
2023/9/21, 34, , 36, 4, , 
2023/9/22, 55, , 39, 10, , 
2023/9/23, 65, , 52, 9, , 
2023/9/24, 74, , 51, 7, , 
2023/9/25, 69, , 47, 11, , 
2023/9/26, 66, , 43, 12, , 
2023/9/27, 43, , 52, 14, , 
2023/9/28, 37, , 48, 8, , 
2023/9/29, 49, , 37, 5, , 
2023/9/30, 43, , 29, 3, , 
2023/10/1, 22, , 32, 5, , 
2023/4/2, 35, , 41, 7, , 
2023/4/3, 42, , 35, 1, , 
2023/4/4, 21, , 35, 1, , 
2023/4/5, 15, , 40, 11, , 
2023/4/6, 29, , 45, 12, , 
2023/4/7, 29, , 43, 13, , 
2023/4/8, 39, , 34, 9, , 
2023/4/9, 39, , 46, 9, , 
2023/4/10, 53, , 51, 12, , 
2023/4/11, 56, , 43, 11, , 
2023/4/12, 79, , 25, 8, , 
2023/4/13, 58, , 28, 4, , 
2023/4/14, 37, , 39, 4, , 
2023/4/15, 42, , 44, 7, , 
2023/4/16, 46, , 37, 6, , 
2023/4/17, 45, , 43, 5, , 
2023/4/18, 57, , 39, 3, , 
2023/4/19, 43, , 43, 8, , 
2023/4/20, 42, , 61, 13, , 
2023/4/21, 46, , 63, 11, , 
2023/4/22, 40, , 78, 10, , 
2023/4/23, 44, , 45, 6, , 
2023/4/24, 54, , 37, 4, , 
2023/4/25, 55, , 44, 5, , 
2023/4/26, 59, , 49, 8, , 
2023/4/27, 49, , 48, 10, , 
2023/4/28, 67, , 47, 8, , 
2023/4/29, 67, , 48, 6, , 
2023/4/30, 61, , 43, 5, , 
2023/5/1, 66, , 35, 2, , 
2023/5/2, 24, , 32, 1, , 
2023/5/3, 18, , 35, 4, , 
2023/5/4, 18, , 30, 1, , 
2023/5/5, 10, , 30, 3, , 
2023/5/6, 16, , 32, 5, , 
2023/5/7, 13, , 34, 3, , 
2023/5/8, 19, , 33, 5, , 
2023/5/9, 29, , 30, 5, , 
2023/5/10, 33, , 34, 3, , 
2023/5/11, 22, , 41, 6, , 
2023/5/12, 35, , 42, 8, , 
2023/5/13, 42, , 49, 8, , 
2023/5/14, 52, , 52, 3, , 
2023/5/15, 54, , 43, 5, , 
2023/5/16, 57, , 40, 6, , 
2023/5/17, 38, , 41, 6, , 
2023/5/18, 42, , 42, 8, , 
2023/5/19, 57, , 42, 6, , 
2023/5/20, 59, , 43, 4, , 
2023/5/21, 48, , 49, 3, , 
2023/5/22, 48, , 37, 5, , 
2023/5/23, 51, , 27, 4, , 
2023/5/24, 26, , 34, 3, , 
2023/5/25, 22, , 34, 2, 4, 
2023/5/26, 23, , 36, 2, , 
2023/5/27, 22, , 36, 2, , 
2023/5/28, 21, , 35, 2, , 
2023/5/29, 38, , 36, 1, , 
2023/5/30, 22, , 32, 1, , 
2023/5/31, 21, , 28, 2, , 
2023/6/1, 13, , 30, 3, , 
2023/6/2, 25, , 38, 4, , 
2023/6/3, 33, , 43, 6, , 
2023/6/4, 46, , 44, 2, , 
2023/6/5, 46, , 36, 4, , 
2023/6/6, 35, , 38, 3, , 
2023/6/7, 28, , 32, 5, , 
2023/6/8, 18, , 36, 6, , 
2023/6/9, 22, , 34, 4, , 
2023/6/10, 30, , 35, 4, , 
2023/6/11, 29, , 29, 2, , 
2023/6/12, 19, , 32, 2, , 
2023/6/13, 11, , 35, 4, , 
2023/6/14, 18, , 32, 8, 15, 
2023/6/15, 36, , 30, 6, , 
2023/6/16, 28, , 36, 5, , 
2023/6/17, 34, , 40, 5, , 
2023/6/18, 37, , 35, 3, , 
2023/6/19, 42, , 33, 4, , 
2023/6/20, 32, , 38, 7, , 
2023/6/21, 32, , 43, 9, , 
2023/6/22, 36, , 33, 5, , 
2023/6/23, 37, , 37, 5, , 
2023/6/24, 33, , 41, 7, , 
2023/6/25, 31, , 45, 5, , 
2023/6/26, 42, , 41, 7, , 
2023/6/27, 44, , 44, 8, , 
2023/6/28, 42, , 38, 6, , 
2023/6/29, 41, , 47, 7, , 
2023/6/30, 48, , 50, 10, , 
2023/7/1, 48, , 66, 10, , 
2023/1/3, 24, , 24, 5, , 
2023/1/4, 19, , 27, 4, , 
2023/1/5, 15, , 31, 5, , 
2023/1/6, 19, , 23, 16, , 
2023/1/7, 36, , 18, 19, , 
2023/1/8, 45, , 20, 17, , 
2023/1/9, 61, , 23, 9, , 
2023/1/10, 26, , 29, 5, , 
2023/1/11, 21, , 22, 15, , 
2023/1/12, 37, , 16, 17, , 
2023/1/13, 29, , 17, 21, , 
2023/1/14, 36, , 19, 16, , 
2023/1/15, 41, , 30, 4, , 
2023/1/16, 18, , 31, 2, , 
2023/1/17, 14, , 28, 9, , 
2023/1/18, 22, , 24, 17, , 
2023/1/19, 27, , 23, 13, , 
2023/1/20, 37, , 29, 14, , 
2023/1/21, 31, , 27, 18, , 
2023/1/22, 48, , 29, 14, , 
2023/1/23, 48, , 33, 6, , 
2023/1/24, 15, , 21, 26, 35, 
2023/1/25, 41, , 25, 22, , 
2023/1/26, 39, , 30, 15, , 
2023/1/27, 25, , 25, 22, , 
2023/1/28, 35, , 34, 14, , 
2023/1/29, 51, , 32, 2, , 
2023/1/30, 23, , 25, 9, , 
2023/1/31, 24, , 34, 5, , 
2023/2/1, 18, , 25, 21, , 
2023/2/2, 31, , 20, 26, , 
2023/2/3, 47, , 26, 21, , 
2023/2/4, 39, , 31, 21, , 
2023/2/5, 52, , 30, 9, , 
2023/2/6, 36, , 31, 5, , 
2023/2/7, 11, , 27, 19, , 
2023/2/8, 23, , 30, 21, , 
2023/2/9, 36, , 29, 23, , 
2023/2/10, 34, , 33, 20, , 
2023/2/11, 33, , 32, 11, , 
2023/2/12, 35, , 33, 9, , 
2023/2/13, 33, , 33, 10, , 
2023/2/14, 34, , 31, 3, , 
2023/2/15, 29, , 31, 8, , 
2023/2/16, 20, , 30, 19, , 
2023/2/17, 26, , 32, 21, , 
2023/2/18, 34, , 29, 22, , 
2023/2/19, 41, , 38, 18, , 
2023/2/20, 53, , 37, 19, , 
2023/2/21, 44, , 32, 15, , 
2023/2/22, 42, , 33, 3, , 
2023/2/23, 23, , 31, 6, , 
2023/2/24, 22, 1, 32, 4, 47, 
2023/2/25, 18, , 35, 6, , 
2023/2/26, 20, , 33, 12, , 
2023/2/27, 42, , 23, 13, , 
2023/2/28, 31, , 32, 6, , 
2023/3/1, 23, , 34, 1, , 
2023/3/2, 11, , 32, 8, , 
2023/3/3, 22, , 34, 16, , 
2023/3/4, 50, , 34, 11, , 
2023/3/5, 50, , 35, 7, , 
2023/3/6, 38, , 35, 7, , 
2023/3/7, 20, , 35, 11, , 
2023/3/8, 27, , 33, 14, , 
2023/3/9, 38, , 40, 13, , 
2023/3/10, 38, , 27, 5, , 
2023/3/11, 21, , 16, 3, , 
2023/3/12, 15, , 22, 4, , 
2023/3/13, 21, , 23, 6, , 
2023/3/14, 28, , 20, 6, , 
2023/3/15, 43, , 25, 2, , 
2023/3/16, 17, , 28, 7, , 
2023/3/17, 33, , 33, 11, , 
2023/3/18, 39, , 42, 15, , 
2023/3/19, 44, , 34, 10, , 
2023/3/20, 49, , 30, 3, , 
2023/3/21, 24, , 37, 1, , 
2023/3/22, 15, , 33, 5, , 
2023/3/23, 22, , 31, 7, , 
2023/3/24, 29, , 36, 1, , 
2023/3/25, 20, , 37, 6, , 
2023/3/26, 29, , 38, 1, , 
2023/3/27, 32, , 43, 14, , 
2023/3/28, 39, , 44, 11, , 
2023/3/29, 30, , 36, 1, , 
2023/3/30, 20, , 36, 6, , 
2023/3/31, 26, , 36, 11, , 
2023/4/1, 33, , 39, 10, , 
2022/10/2, 42, , 41, 2, , 
2022/10/3, 43, , 40, 7, , 
2022/10/4, 37, , 50, 11, , 
2022/10/5, 45, , 51, 10, , 
2022/10/6, 56, , 47, 8, , 
2022/10/7, 71, , 54, 9, , 
2022/10/8, 69, , 57, 10, , 
2022/10/9, 64, , 44, 5, , 
2022/10/10, 58, , 40, 6, , 
2022/10/11, 55, , 40, 5, , 
2022/10/12, 55, , 37, 3, , 
2022/10/13, 48, , 37, 5, , 
2022/10/14, 56, , 34, 6, , 
2022/10/15, 61, , 30, 2, , 
2022/10/16, 27, , 31, 5, , 
2022/10/17, 30, , 38, 10, , 
2022/10/18, 35, , 46, 16, , 
2022/10/19, 46, , 46, 18, , 
2022/10/20, 34, , 42, 20, , 
2022/10/21, 32, , 42, 10, , 
2022/10/22, 51, , 34, 2, , 
2022/10/23, 45, , 31, 4, , 
2022/10/24, 28, , 33, 12, , 
2022/10/25, 31, , 34, 18, , 
2022/10/26, 33, , 36, 16, , 
2022/10/27, 54, , 42, 15, , 
2022/10/28, 44, , 36, 21, , 
2022/10/29, 52, , 43, 19, , 
2022/10/30, 52, , 50, 21, , 
2022/10/31, 55, , 33, 24, , 
2022/11/1, 50, , 33, 8, , 
2022/11/2, 45, , 29, 3, , 
2022/11/3, 15, , 29, 5, , 
2022/11/4, 8, , 25, 16, , 
2022/11/5, 26, , 29, 18, , 
2022/11/6, 35, , 38, 13, , 
2022/11/7, 40, , 22, 5, , 
2022/11/8, 23, , 27, 3, , 
2022/11/9, 12, , 27, 8, , 
2022/11/10, 14, , 25, 15, , 
2022/11/11, 29, , 28, 18, , 
2022/11/12, 31, , 28, 18, , 
2022/11/13, 41, , 29, 10, , 
2022/11/14, 36, , 28, 19, , 
2022/11/15, 33, , 30, 16, , 
2022/11/16, 32, , 32, 11, , 
2022/11/17, 17, , 25, 24, , 
2022/11/18, 33, , 23, 25, , 
2022/11/19, 43, , 33, 18, , 
2022/11/20, 24, , 32, 17, , 
2022/11/21, 41, , 30, 22, , 
2022/11/22, 39, , 27, 24, , 
2022/11/23, 37, , 22, 30, , 
2022/11/24, 54, , 31, 23, , 
2022/11/25, 57, , 28, 20, , 
2022/11/26, 37, , 27, 21, , 
2022/11/27, 49, , 36, 19, , 
2022/11/28, 60, , 34, 11, , 
2022/11/29, 50, , 29, 13, , 
2022/11/30, 42, , 27, 14, , 
2022/12/1, 44, , 26, 5, , 
2022/12/2, 14, , 21, 9, , 
2022/12/3, 17, , 21, 12, , 
2022/12/4, 35, , 17, 10, , 
2022/12/5, 38, , 28, 10, , 
2022/12/6, 20, , 20, 16, , 
2022/12/7, 26, , 23, 16, , 
2022/12/8, 36, , 24, 15, , 
2022/12/9, 37, , 19, 21, , 
2022/12/10, 41, , 24, 13, , 
2022/12/11, 42, , 29, 4, , 
2022/12/12, 14, , 25, 13, , 
2022/12/13, 19, , 22, 17, , 
2022/12/14, 35, , 21, 18, , 
2022/12/15, 47, , 12, 23, , 
2022/12/16, 53, , 16, 23, , 
2022/12/17, 42, , 16, 22, , 
2022/12/18, 38, , 24, 19, , 
2022/12/19, 45, , 21, 25, , 
2022/12/20, 64, , 16, 26, , 
2022/12/21, 53, , 17, 24, , 
2022/12/22, 44, , 13, 26, , 
2022/12/23, 40, , 13, 29, , 
2022/12/24, 74, , 24, 21, , 
2022/12/25, 62, , 28, 17, , 
2022/12/26, 52, , 16, 23, , 
2022/12/27, 41, , 15, 20, , 
2022/12/28, 48, , 21, 11, , 
2022/12/29, 34, , 20, 10, , 
2022/12/30, 32, , 17, 12, , 
2022/12/31, 39, , 17, 3, , 
2023/1/1, 21, , 27, 3, , 
2023/1/2, 18, , 18, 11, , 
2022/7/2, 58, , 28, 6, , 
2022/7/3, 56, , , , , 
2022/7/5, 51, , 37, 5, , 
2022/7/6, 104, , 23, 4, , 
2022/7/7, 35, , 36, 7, , 
2022/7/8, 36, , 40, 7, , 
2022/7/9, 46, , 39, 6, , 
2022/7/10, 48, , 48, 7, , 
2022/7/11, 56, , 39, 5, , 
2022/7/12, 53, , 37, 4, , 
2022/7/13, 56, , 39, 4, , 
2022/7/14, 52, , 38, 5, , 
2022/7/15, 42, , 46, 7, , 
2022/7/16, 53, , 54, 8, , 
2022/7/17, 62, , 59, 6, , 
2022/7/18, 62, , 45, 8, , 
2022/7/19, 57, , 41, 8, , 
2022/7/20, 46, , 43, 9, , 
2022/7/21, 51, , 55, 9, , 
2022/7/22, 54, , 48, 7, , 
2022/7/23, 57, , 44, 4, , 
2022/7/24, 64, , 49, 3, , 
2022/7/25, 64, , 47, 4, , 
2022/7/26, 57, , 45, 4, , 
2022/7/27, 57, , 45, 4, , 
2022/7/28, 48, , 40, 8, , 
2022/7/29, 49, , 44, 9, , 
2022/7/30, 50, , 39, 8, , 
2022/7/31, 56, , 50, 4, , 
2022/8/1, 46, , 33, 4, , 
2022/8/2, 43, , 28, 4, , 
2022/8/3, 44, , 40, 5, , 
2022/8/4, 50, , 38, 7, , 
2022/8/5, 57, , 34, 9, , 
2022/8/6, 48, , 44, 8, , 
2022/8/7, 45, , 58, 9, , 
2022/8/8, 49, , 53, 11, , 
2022/8/9, 57, , 51, 11, , 
2022/8/10, 52, , 45, 12, , 
2022/8/11, 49, , 45, 15, , 
2022/8/12, 51, , 47, 12, , 
2022/8/13, 53, , 58, 8, , 
2022/8/14, 53, , 60, 9, , 
2022/8/15, 59, , 53, 12, , 
2022/8/16, 57, , 52, 14, , 
2022/8/17, 58, , 45, 10, , 
2022/8/18, 55, , 39, 7, , 
2022/8/19, 46, , 54, 10, , 
2022/8/20, 56, , 42, 5, , 
2022/8/21, 56, , 36, 2, , 
2022/8/22, 60, , 39, 4, , 
2022/8/23, 51, , 54, 9, , 
2022/8/24, 60, , 46, 10, , 
2022/8/25, 62, , 43, 8, , 
2022/8/26, 54, , 41, 8, , 
2022/8/27, 53, , 36, 6, , 
2022/8/28, 55, , 35, 2, , 
2022/8/29, 46, , 36, 5, , 
2022/8/30, 52, , 44, 13, , 
2022/8/31, 58, , 64, 15, , 
2022/9/1, 53, , 75, 21, , 
2022/9/2, 71, , 70, 14, , 
2022/9/3, 67, , 67, 10, , 
2022/9/4, 61, , 47, 8, , 
2022/9/5, 53, , 75, 7, , 
2022/9/6, 64, , 71, 10, , 
2022/9/7, 57, , 58, 11, , 
2022/9/8, 54, , 48, 15, , 
2022/9/9, 50, , 28, 10, , 
2022/9/10, 38, , 23, 4, , 
2022/9/11, 32, , 32, 4, , 
2022/9/12, 28, , 26, 4, , 
2022/9/13, 19, , 35, 5, , 
2022/9/14, 51, , 34, 5, , 
2022/9/15, 39, , 36, 7, , 
2022/9/16, 41, , 47, 7, , 
2022/9/17, 52, , 40, 5, , 
2022/9/18, 52, , 34, 1, , 
2022/9/19, 39, , 30, 4, , 
2022/9/20, 22, , 21, 4, , 
2022/9/21, 16, , 31, 3, , 
2022/9/22, 17, , 51, 10, , 
2022/9/23, 32, , 56, 13, , 
2022/9/24, 37, , 48, 12, , 
2022/9/25, 33, , 49, 11, , 
2022/9/26, 46, , 47, 15, , 
2022/9/27, 47, , 60, 16, , 
2022/9/28, 51, , 67, 15, , 
2022/9/29, 51, , 45, 10, , 
2022/9/30, 46, , 37, 6, , 
2022/10/1, 47, , 37, 2, , 
2022/4/2, 59, , 37, 5, , 
2022/4/3, 58, , 38, 2, , 
2022/4/4, 52, , 39, 7, , 
2022/4/5, 61, , 33, 8, , 
2022/4/6, 52, , 56, 14, , 
2022/4/7, 59, , 51, 16, , 
2022/4/8, 53, , 46, 16, , 
2022/4/9, 43, , 55, 13, , 
2022/4/10, 66, , 43, 1, , 
2022/4/11, 68, , 37, 2, , 
2022/4/12, 57, , 38, 1, , 
2022/4/13, 23, , 42, 5, , 
2022/4/14, 38, , 43, 10, , 
2022/4/15, 49, , 38, 7, , 
2022/4/16, 48, , 27, 2, , 
2022/4/17, 34, , 38, 2, , 
2022/4/18, 41, , 45, 9, , 
2022/4/19, 53, , 30, 7, , 
2022/4/20, 45, , 35, 2, , 
2022/4/21, 36, , 31, 6, , 
2022/4/22, 35, , 35, 2, , 
2022/4/23, 27, , 40, 6, , 
2022/4/24, 43, , 43, 4, , 
2022/4/25, 27, , 55, 12, , 
2022/4/26, 42, , 43, 15, , 
2022/4/27, 57, , 44, 4, , 
2022/4/28, 67, , 45, 4, , 
2022/4/29, 62, , 47, 8, , 
2022/4/30, 61, , 52, 10, , 
2022/5/1, 66, , 51, 6, , 
2022/5/2, 65, , 41, 2, , 
2022/5/3, 59, , 42, 4, , 
2022/5/4, 60, , 48, 9, , 
2022/5/5, 63, , 49, 12, , 
2022/5/6, 64, , 47, 10, , 
2022/5/7, 62, , 40, 8, , 
2022/5/8, 55, , 35, 3, , 
2022/5/9, 54, , 41, 4, , 
2022/5/10, 44, , 35, 8, , 
2022/5/11, 41, , 38, 6, , 
2022/5/12, 31, , 43, 6, , 
2022/5/13, 34, , 61, 12, , 
2022/5/14, 41, , 87, 14, , 
2022/5/15, 54, , 57, 11, , 
2022/5/16, 57, , 39, 4, , 
2022/5/17, 62, , 35, 6, , 
2022/5/18, 57, , 44, 6, , 
2022/5/19, 64, , 39, 6, , 
2022/5/20, 69, , 34, 4, , 
2022/5/21, 39, , 36, 2, , 
2022/5/22, 41, , 39, 3, , 
2022/5/23, 50, , 41, 5, , 
2022/5/24, 60, , 49, 5, , 
2022/5/25, 69, , 61, 8, , 
2022/5/26, 71, , 42, 4, , 
2022/5/27, 59, , 37, 2, , 
2022/5/28, 47, , 33, 2, , 
2022/5/29, 46, , 31, 2, , 
2022/5/30, 42, , 34, 2, , 
2022/5/31, 54, , 43, 6, , 
2022/6/1, 61, , 45, 14, , 
2022/6/2, 64, , 44, 4, , 
2022/6/3, 65, , 42, 5, , 
2022/6/4, 64, , 35, 3, , 
2022/6/5, 51, , 36, 4, , 
2022/6/6, 49, , 37, 5, , 
2022/6/7, 47, , 41, 9, , 
2022/6/8, 56, , 49, 8, , 
2022/6/9, 64, , 68, 9, , 
2022/6/10, 68, , 72, 8, , 
2022/6/11, 72, , 51, 5, , 
2022/6/12, 52, , 49, 5, , 
2022/6/13, 57, , 35, 2, , 
2022/6/14, 49, , 45, 4, , 
2022/6/15, 51, , 54, 7, , 
2022/6/16, 61, , 53, 6, , 
2022/6/17, 68, , 44, 2, , 
2022/6/18, 54, , 42, 4, , 
2022/6/19, 44, , 35, 5, , 
2022/6/20, 47, , 53, 12, , 
2022/6/21, 45, , 48, 12, , 
2022/6/22, 64, , 45, 11, , 
2022/6/23, 60, , 45, 8, , 
2022/6/24, 51, , 53, 11, , 
2022/6/25, 53, , 48, 7, , 
2022/6/26, 53, , 55, 7, , 
2022/6/27, 56, , 56, 10, , 
2022/6/28, 53, , 61, 12, , 
2022/6/29, 57, , 53, 8, , 
2022/6/30, 58, , 57, 7, , 
2022/7/1, 63, , 45, 8, , 
2022/1/4, 56, , 18, 24, , 
2022/1/5, 66, , 16, 29, , 
2022/1/6, 87, , 18, 29, , 
2022/1/7, 60, , 23, 28, , 
2022/1/8, 100, , 33, 14, , 
2022/1/9, 70, , 28, 18, , 
2022/1/10, 65, , 20, 22, , 
2022/1/11, 38, , 29, 20, , 
2022/1/12, 35, , 18, 26, , 
2022/1/13, 49, , 4, 33, , 
2022/1/14, 61, , 21, 28, , 
2022/1/15, 66, , 20, 23, , 
2022/1/16, 56, , 29, 14, , 
2022/1/17, 37, , 23, 19, , 
2022/1/18, 58, , 27, 11, , 
2022/1/19, 62, , 21, 14, , 
2022/1/20, 67, , 27, 18, , 
2022/1/21, 54, , 32, 14, , 
2022/1/22, 37, , 32, 1, , 
2022/1/23, 19, , 32, 6, , 
2022/1/24, 24, , 21, 26, , 
2022/1/25, 46, , 26, 24, , 
2022/1/26, 63, , 29, 22, , 
2022/1/27, 54, , 28, 24, , 
2022/1/28, 40, , 30, 22, , 
2022/1/29, 47, , 14, 29, , 
2022/1/30, 47, , 30, 21, , 
2022/1/31, 58, , 18, 29, , 
2022/2/1, 77, , 31, 22, , 
2022/2/2, 76, , 33, 18, , 
2022/2/3, 42, , 25, 24, , 
2022/2/4, 58, , 28, 22, , 
2022/2/5, 49, , 31, 22, , 
2022/2/6, 51, , 33, 23, , 
2022/2/7, 53, , 32, 24, , 
2022/2/8, 52, , 32, 24, , 
2022/2/9, 50, , 33, 16, , 
2022/2/10, 33, , 31, 10, , 
2022/2/11, 31, , 34, 27, , 
2022/2/12, 53, , 36, 21, , 
2022/2/13, 50, , 41, 17, , 
2022/2/14, 46, , 36, 21, , 
2022/2/15, 56, , 29, 4, , 
2022/2/16, 46, , 26, 10, , 
2022/2/17, 37, , 33, 15, , 
2022/2/18, 43, , 35, 20, , 
2022/2/19, 48, , 38, 17, , 
2022/2/20, 56, , 37, 12, , 
2022/2/21, 67, , 34, 4, , 
2022/2/22, 56, , 31, 3, , 
2022/2/23, 39, , 32, 4, , 
2022/2/24, 32, , 33, 11, , 
2022/2/25, 36, , 33, 20, , 
2022/2/26, 53, , 34, 19, , 
2022/2/27, 49, , 39, 18, , 
2022/2/28, 44, , 34, 20, , 
2022/3/1, 44, , 36, 18, , 
2022/3/2, 47, , 37, 28, , 
2022/3/3, 57, , 41, 22, , 
2022/3/4, 72, , 31, 3, , 
2022/3/5, 37, , 34, 4, , 
2022/3/6, 42, , 34, 9, , 
2022/3/7, 45, , 35, 15, , 
2022/3/8, 42, , 37, 18, , 
2022/3/9, 42, , 37, 16, , 
2022/3/10, 56, , 37, 7, , 
2022/3/11, 56, , 40, 13, , 
2022/3/12, 38, , 41, 16, , 
2022/3/13, 44, , 43, 12, , 
2022/3/14, 51, , 43, 10, , 
2022/3/15, 55, , 37, 17, , 
2022/3/16, 59, , 34, 10, , 
2022/3/17, 41, , 38, 13, , 
2022/3/18, 46, , 40, 18, , 
2022/3/19, 56, , 34, 12, , 
2022/3/20, 56, , 35, 1, , 
2022/3/21, 27, , 36, 9, , 
2022/3/22, 53, , 42, 16, , 
2022/3/23, 48, , 41, 17, , 
2022/3/24, 44, , 44, 16, , 
2022/3/25, 48, , 38, 17, , 
2022/3/26, 51, , 40, 10, , 
2022/3/27, 63, , 37, 2, , 
2022/3/28, 54, , 32, 2, , 
2022/3/29, 32, , 34, 8, , 
2022/3/30, 36, , 31, 7, , 
2022/3/31, 53, , 31, 5, , 
2022/4/1, 52, , 39, 7, , 
2021/10/2, 52, , 66, 20, , 
2021/10/3, 51, , 68, 17, , 
2021/10/4, 51, , 57, 20, , 
2021/10/5, 55, , 48, 9, , 
2021/10/6, 51, , 43, 8, , 
2021/10/7, 57, , 30, 5, , 
2021/10/8, 46, , 30, 4, , 
2021/10/9, 32, , 34, 11, , 
2021/10/10, 39, , 50, 16, , 
2021/10/11, 53, , 36, 11, , 
2021/10/12, 65, , 33, 4, , 
2021/10/13, 38, , 38, 19, , 
2021/10/14, 46, , 41, 23, , 
2021/10/15, 59, , 45, 22, , 
2021/10/16, 50, , 50, 20, , 
2021/10/17, 43, , 45, 14, , 
2021/10/18, 53, , 32, 4, , 
2021/10/19, 36, , 33, 13, , 
2021/10/20, 40, , 40, 17, , 
2021/10/21, 49, , 53, 18, , 
2021/10/22, 49, , 27, 14, , 
2021/10/23, 52, , 28, 7, , 
2021/10/24, 46, , 37, 7, , 
2021/10/25, 45, , 27, 9, , 
2021/10/26, 33, , 28, 13, , 
2021/10/27, 41, , 38, 21, , 
2021/10/28, 43, , 46, 22, , 
2021/10/29, 46, , 36, 25, , 
2021/10/30, 54, , 30, 19, , 
2021/10/31, 71, , 34, 10, , 
2021/11/1, 83, , 26, 18, , 
2021/11/2, 71, , 22, 18, , 
2021/11/3, 58, , 29, 21, , 
2021/11/4, 69, , 33, 24, , 
2021/11/5, 73, , 34, 28, , 
2021/11/6, 91, , 39, 24, , 
2021/11/7, 136, , 43, 15, , 
2021/11/8, 105, , 38, 19, , 
2021/11/9, 94, , 33, 16, 25, 
2021/11/10, 59, , 31, 21, , 
2021/11/11, 67, , 36, 27, , 
2021/11/12, 50, , 36, 21, , 
2021/11/13, 37, , 44, 23, , 
2021/11/14, 43, , 53, 21, , 
2021/11/15, 47, , 41, 24, , 
2021/11/16, 53, , 19, 20, , 
2021/11/17, 68, , 23, 22, , 
2021/11/18, 82, , 20, 21, , 
2021/11/19, 77, , 19, 22, , 
2021/11/20, 89, , 25, 18, , 
2021/11/21, 99, , 31, 15, , 
2021/11/22, 56, , 24, 22, , 
2021/11/23, 37, , 27, 22, , 
2021/11/24, 43, , 35, 15, , 
2021/11/25, 41, , 34, 12, , 
2021/11/26, 34, , 30, 23, , 
2021/11/27, 51, , 28, 26, , 
2021/11/28, 60, , 34, 25, , 
2021/11/29, 71, , 27, 30, , 
2021/11/30, 62, , 20, 41, , 
2021/12/1, 88, , 19, 37, , 
2021/12/2, 87, , 18, 26, , 
2021/12/3, 96, , 23, 23, , 
2021/12/4, 125, , 26, 19, , 
2021/12/5, 122, , 22, 22, , 
2021/12/6, 108, , 28, 28, , 
2021/12/7, 115, , 22, 16, , 
2021/12/8, 73, , 22, 17, , 
2021/12/9, 72, , 27, 5, , 
2021/12/10, 33, , 22, 17, , 
2021/12/11, 44, , 26, 19, , 
2021/12/12, 51, , 29, 18, , 
2021/12/13, 66, , 23, 19, , 
2021/12/14, 66, , 30, 4, , 
2021/12/15, 27, , 22, 18, , 
2021/12/16, 43, , 14, 19, , 
2021/12/17, 56, , 19, 18, , 
2021/12/18, 61, , 23, 21, , 
2021/12/19, 53, , 21, 23, , 
2021/12/20, 79, , 18, 26, , 
2021/12/21, 83, , 19, 26, , 
2021/12/22, 56, , 7, 31, , 
2021/12/23, 77, , 26, 12, , 
2021/12/24, 41, , 28, 5, , 
2021/12/25, 36, , 29, 6, , 
2021/12/26, 60, , 26, 10, , 
2021/12/27, 35, , 26, 13, , 
2021/12/28, 58, , 27, 14, , 
2021/12/29, 38, , 24, 11, , 
2021/12/30, 42, , 26, 4, , 
2021/12/31, 28, , 25, 9, , 
2022/1/1, 37, , 29, 11, , 
2022/1/2, 65, , 27, 16, , 
2022/1/3, 42, , 21, 21, , 
2021/7/2, 57, , 47, 8, , 
2021/7/3, 53, , 50, 7, , 
2021/7/4, 51, , 44, 5, , 
2021/7/5, 64, , 45, 6, , 
2021/7/6, 109, , 52, 7, , 
2021/7/7, 52, , 52, 9, , 
2021/7/8, 58, , 54, 12, , 
2021/7/9, 65, , 59, 10, , 
2021/7/10, 60, , 46, 8, , 
2021/7/11, 61, , 49, 7, , 
2021/7/12, 65, , 40, 7, , 
2021/7/13, 62, , 44, 8, , 
2021/7/14, 60, , 42, 8, , 
2021/7/15, 60, , 45, 6, , 
2021/7/16, 55, , 46, 5, , 
2021/7/17, 48, , 51, 7, , 
2021/7/18, 52, , 54, 6, , 
2021/7/19, 52, , 52, 9, , 
2021/7/20, 55, , 48, 10, , 
2021/7/21, 57, , 50, 9, , 
2021/7/22, 58, , 39, 10, , 
2021/7/23, 67, , 44, 8, , 
2021/7/24, 67, , 45, 6, , 
2021/7/25, 67, , 46, 4, , 
2021/7/26, 58, , 33, 7, , 
2021/7/27, 56, , 47, 7, , 
2021/7/28, 53, , 43, 9, , 
2021/7/29, 41, , 42, 12, , 
2021/7/30, 52, , 48, 9, , 
2021/7/31, 51, , 44, 9, , 
2021/8/1, 52, , 53, 11, , 
2021/8/2, 52, , 63, 14, , 
2021/8/3, 50, , 54, 15, , 
2021/8/4, 55, , 56, 10, , 
2021/8/5, 55, , 58, 11, , 
2021/8/6, 64, , 45, 10, , 
2021/8/7, 64, , 56, 7, , 
2021/8/8, 73, , 62, 5, , 
2021/8/9, 64, , 54, 7, , 
2021/8/10, 61, , 60, 10, , 
2021/8/11, 54, , 46, 9, , 
2021/8/12, 51, , 48, 10, , 
2021/8/13, 45, , 38, 12, , 
2021/8/14, 51, , 49, 10, , 
2021/8/15, 58, , 58, 8, , 
2021/8/16, 53, , 46, 11, , 
2021/8/17, 56, , 35, 8, , 
2021/8/18, 56, , 24, 3, , 
2021/8/19, 46, , 36, 4, , 
2021/8/20, 41, , 40, 4, , 
2021/8/21, 45, , 40, 2, , 
2021/8/22, 47, , 45, 5, , 
2021/8/23, 55, , 50, 6, , 
2021/8/24, 58, , 58, 9, , 
2021/8/25, 63, , 67, 12, , 
2021/8/26, 67, , 83, 16, , 
2021/8/27, 73, , 61, 16, , 
2021/8/28, 68, , 66, 10, , 
2021/8/29, 63, , 63, 9, , 
2021/8/30, 66, , 46, 8, , 
2021/8/31, 70, , 37, 8, , 
2021/9/1, 72, , 39, 5, , 
2021/9/2, 65, , 50, 5, , 
2021/9/3, 61, , 59, 10, , 
2021/9/4, 65, , 53, 14, , 
2021/9/5, 50, , 73, 15, , 
2021/9/6, 50, , 63, 5, , 
2021/9/7, 71, , 56, 8, , 
2021/9/8, 67, , 64, 10, , 
2021/9/9, 68, , 73, 10, , 
2021/9/10, 57, , 52, 11, , 
2021/9/11, 56, , 46, 11, , 
2021/9/12, 51, , 56, 13, , 
2021/9/13, 55, , 53, 12, , 
2021/9/14, 52, , 52, 17, , 
2021/9/15, 64, , 52, 11, , 
2021/9/16, 67, , 51, 7, , 
2021/9/17, 63, , 54, 8, , 
2021/9/18, 62, , 42, 8, , 
2021/9/19, 53, , 48, 8, , 
2021/9/20, 59, , 56, 14, , 
2021/9/21, 62, , 56, 16, , 
2021/9/22, 57, , 39, 17, , 
2021/9/23, 49, , 24, 17, , 
2021/9/24, 54, , 40, 15, , 
2021/9/25, 61, , 43, 9, , 
2021/9/26, 57, , 36, 4, , 
2021/9/27, 55, , 25, 8, , 
2021/9/28, 59, , 36, 6, , 
2021/9/29, 47, , 41, 12, , 
2021/9/30, 50, , 50, 18, , 
2021/10/1, 51, , 56, 25, , 
2021/4/2, 42, , 48, 15, , 
2021/4/3, 58, , 51, 10, , 
2021/4/4, 63, , 56, 11, , 
2021/4/5, 63, , 36, 10, , 
2021/4/6, 54, , 41, 9, , 
2021/4/7, 56, , 49, 11, , 
2021/4/8, 56, , 41, 11, , 
2021/4/9, 58, , 48, 12, , 
2021/4/10, 63, , 54, 10, , 
2021/4/11, 64, , 49, 8, , 
2021/4/12, 72, , 47, 4, , 
2021/4/13, 64, , 37, 3, , 
2021/4/14, 53, , 42, 3, , 
2021/4/15, 51, , 40, 9, , 
2021/4/16, 56, , 44, 9, , 
2021/4/17, 59, , 45, 9, , 
2021/4/18, 63, , 42, 8, , 
2021/4/19, 38, , 51, 11, , 
2021/4/20, 47, , 43, 8, , 
2021/4/21, 62, , 35, 2, , 
2021/4/22, 48, , 36, 2, , 
2021/4/23, 39, , 37, 3, , 
2021/4/24, 46, , 39, 3, , 
2021/4/25, 47, , 38, 2, , 
2021/4/26, 41, , 34, 2, , 
2021/4/27, 29, , 37, 3, , 
2021/4/28, 37, , 42, 10, , 
2021/4/29, 38, , 56, 15, , 
2021/4/30, 45, , 70, 19, , 
2021/5/1, 55, , 41, 11, , 
2021/5/2, 66, , 40, 2, , 
2021/5/3, 52, , 38, 7, , 
2021/5/4, 62, , 58, 12, , 
2021/5/5, 66, , 58, 11, , 
2021/5/6, 65, , 40, 7, , 
2021/5/7, 63, , 42, 5, , 
2021/5/8, 60, , 46, 4, , 
2021/5/9, 57, , 46, 5, , 
2021/5/10, 63, , 38, 4, , 
2021/5/11, 57, , 44, 3, , 
2021/5/12, 54, , 43, 4, , 
2021/5/13, 53, , 39, 4, , 
2021/5/14, 55, , 43, 5, , 
2021/5/15, 56, , 39, 3, , 
2021/5/16, 46, , 35, 1, , 
2021/5/17, 30, , 37, 2, , 
2021/5/18, 40, , 42, 3, , 
2021/5/19, 46, , 45, 6, , 
2021/5/20, 57, , 42, 3, , 
2021/5/21, 56, , 37, 4, , 
2021/5/22, 44, , 38, 2, , 
2021/5/23, 48, , 37, 5, , 
2021/5/24, 50, , 53, 9, , 
2021/5/25, 48, , 52, 14, , 
2021/5/26, 56, , 35, 9, , 
2021/5/27, 58, , 44, 5, , 
2021/5/28, 60, , 49, 7, , 
2021/5/29, 64, , 41, 4, , 
2021/5/30, 54, , 41, 3, , 
2021/5/31, 54, , 44, 4, , 
2021/6/1, 55, , 44, 5, , 
2021/6/2, 59, , 51, 7, , 
2021/6/3, 53, , 50, 7, , 
2021/6/4, 60, , 44, 8, , 
2021/6/5, 60, , 40, 7, , 
2021/6/6, 56, , 36, 3, , 
2021/6/7, 48, , 29, 4, , 
2021/6/8, 33, , 41, 3, , 
2021/6/9, 37, , 36, 6, , 
2021/6/10, 37, , 39, 6, , 
2021/6/11, 41, , 52, 11, , 
2021/6/12, 48, , 64, 11, , 
2021/6/13, 54, , 61, 9, , 
2021/6/17, 66, , 48, 14, , 
2021/6/18, 74, , 45, 11, , 
2021/6/19, 61, , 50, 5, , 
2021/6/20, 58, , 44, 4, , 
2021/6/21, 51, , 48, 6, , 
2021/6/22, 56, , 38, 5, , 
2021/6/23, 41, , 34, 6, , 
2021/6/24, 34, , 30, 4, , 
2021/6/25, 31, , 32, 6, , 
2021/6/26, 40, , 48, 6, , 
2021/6/27, 50, , 54, 8, , 
2021/6/28, 75, , 58, 9, , 
2021/6/29, 66, , 36, 7, , 
2021/6/30, 60, , 43, 7, , 
2021/7/1, 54, , 48, 6, , 
2021/1/5, 66, , 15, 20, , 
2021/1/6, 75, , 24, 25, , 
2021/1/7, 66, , 22, 26, , 
2021/1/8, 58, , 31, 23, , 
2021/1/9, 55, , 29, 13, , 
2021/1/10, 49, , 28, 20, , 
2021/1/11, 47, , 26, 24, , 
2021/1/12, 48, , 21, 27, , 
2021/1/13, 56, , 18, 29, , 
2021/1/14, 57, , 25, 28, , 
2021/1/15, 51, , 30, 19, , 
2021/1/16, 34, , 35, 25, , 
2021/1/17, 46, , 38, 21, , 
2021/1/18, 47, , 31, 22, , 
2021/1/19, 52, , 32, 7, , 
2021/1/20, 49, , 31, 9, , 
2021/1/21, 30, , 28, 19, , 
2021/1/22, 49, , 31, 11, , 
2021/1/23, 42, , 23, 11, , 
2021/1/24, 45, , 27, 10, , 
2021/1/25, 56, , 31, 6, , 
2021/1/26, 28, , 31, 12, , 
2021/1/27, 35, , 28, 10, , 
2021/1/28, 34, , 30, 12, , 
2021/1/29, 39, , 28, 8, , 
2021/1/30, 30, , 30, 13, , 
2021/1/31, 53, , 29, 15, , 
2021/2/1, 50, , 16, 25, , 
2021/2/2, 45, , 31, 17, , 
2021/2/3, 46, , 25, 12, , 
2021/2/4, 51, , 28, 16, , 
2021/2/5, 54, , 32, 19, , 
2021/2/6, 56, , 33, 21, , 
2021/2/7, 60, , 38, 21, , 
2021/2/8, 78, , 35, 17, , 
2021/2/9, 79, , 33, 10, , 
2021/2/10, 70, , 36, 13, , 
2021/2/11, 64, , 39, 17, , 
2021/2/12, 68, , 32, 10, , 
2021/2/13, 54, , 34, 11, , 
2021/2/14, 41, , 36, 1, , 
2021/2/15, 21, , 28, 13, , 
2021/2/16, 40, , 35, 9, , 
2021/2/17, 40, , 33, 3, , 
2021/2/18, 30, , 36, 12, , 
2021/2/19, 31, , 34, 22, , 
2021/2/20, 50, , 35, 13, , 
2021/2/21, 44, , 40, 11, , 
2021/2/22, 29, , 36, 21, , 
2021/2/23, 39, , 34, 22, , 
2021/2/24, 39, , 37, 22, , 
2021/2/25, 50, , 37, 20, , 
2021/2/26, 52, , 36, 22, , 
2021/2/27, 45, , 37, 8, , 
2021/2/28, 35, , 37, 13, , 
2021/3/1, 40, , 36, 19, , 
2021/3/2, 36, , 38, 19, , 
2021/3/3, 37, , 36, 18, , 
2021/3/4, 44, , 37, 15, , 
2021/3/5, 46, , 44, 15, , 
2021/3/6, 44, , 38, 13, , 
2021/3/7, 52, , 32, 6, , 
2021/3/8, 48, , 35, 5, , 
2021/3/9, 35, , 36, 11, , 
2021/3/10, 40, , 32, 4, , 
2021/3/11, 24, , 35, 9, , 
2021/3/12, 24, , 34, 16, , 
2021/3/13, 45, , 34, 12, , 
2021/3/14, 53, , 39, 4, , 
2021/3/15, 50, , 32, 3, , 
2021/3/16, 25, , 32, 8, , 
2021/3/17, 32, , 37, 16, , 
2021/3/18, 49, , 41, 17, , 
2021/3/19, 54, , 35, 14, , 
2021/3/20, 46, , 38, 7, , 
2021/3/21, 43, , 39, 6, , 
2021/3/22, 36, , 37, 8, , 
2021/3/23, 37, , 37, 9, , 
2021/3/24, 35, , 40, 3, , 
2021/3/25, 24, , 35, 5, , 
2021/3/26, 40, , 35, 8, , 
2021/3/27, 41, , 40, 15, , 
2021/3/28, 49, , 47, 14, , 
2021/3/29, 40, , 46, 17, , 
2021/3/30, 52, , 47, 12, , 
2021/3/31, 60, , 50, 15, , 
2021/4/1, 52, , 47, 17, , 
2020/10/2, 83, , 101, 24, , 
2020/10/3, 80, , 105, 21, , 
2020/10/4, 90, , 84, 17, , 
2020/10/5, 107, , 77, 23, , 
2020/10/6, 122, , 84, 23, , 
2020/10/7, 100, , 63, 18, , 
2020/10/8, 95, , 48, 7, , 
2020/10/9, 81, , 44, 8, , 
2020/10/10, 74, , 46, 6, , 
2020/10/11, 68, , 47, 10, , 
2020/10/12, 58, , 52, 18, , 
2020/10/13, 56, , 48, 22, , 
2020/10/14, 55, , 86, 27, , 
2020/10/15, 66, , 92, 25, , 
2020/10/16, 70, , 88, 27, , 
2020/10/17, 70, , 64, 21, , 
2020/10/18, 65, , 65, 14, , 
2020/10/19, 74, , 50, 12, , 
2020/10/20, 70, , 57, 11, , 
2020/10/21, 76, , 52, 12, , 
2020/10/22, 94, , 35, 9, , 
2020/10/23, 67, , 36, 8, , 
2020/10/24, 56, , 30, 6, , 
2020/10/25, 48, , 29, 4, , 
2020/10/26, 36, , 42, 8, , 
2020/10/27, 49, , 45, 19, , 
2020/10/28, 65, , 52, 23, , 
2020/10/29, 73, , 42, 25, , 
2020/10/30, 67, , 44, 28, , 
2020/10/31, 64, , 46, 24, , 
2020/11/1, 71, , 44, 25, , 
2020/11/2, 75, , 2, 33, , 
2020/11/3, 78, , 44, 25, , 
2020/11/4, 99, , 56, 28, , 
2020/11/5, 80, , 30, 29, , 
2020/11/6, 53, , 32, 15, , 
2020/11/7, 56, , 35, 6, , 
2020/11/8, 36, , 32, 6, , 
2020/11/9, 45, , 27, 14, , 
2020/11/10, 38, , 31, 20, , 
2020/11/11, 47, , 31, 24, , 
2020/11/12, 61, , 37, 25, , 
2020/11/13, 66, , 35, 24, , 
2020/11/14, 67, , 36, 21, , 
2020/11/15, 77, , 38, 22, , 
2020/11/16, 56, , 31, 26, , 
2020/11/17, 43, , 33, 30, , 
2020/11/18, 56, , 26, 19, , 
2020/11/19, 63, , 28, 17, , 
2020/11/20, 58, , 29, 26, , 
2020/11/21, 62, , 32, 24, , 
2020/11/22, 65, , 35, 22, , 
2020/11/23, 74, , 26, 25, , 
2020/11/24, 87, , 35, 23, , 
2020/11/25, 73, , 38, 18, , 
2020/11/26, 66, , 32, 11, , 
2020/11/27, 49, , 25, 15, , 
2020/11/28, 38, , 29, 21, , 
2020/11/29, 51, , 30, 22, , 
2020/11/30, 56, , 26, 25, , 
2020/12/1, 48, , 25, 27, , 
2020/12/2, 49, , 27, 30, , 
2020/12/3, 53, , 27, 28, , 
2020/12/4, 54, , 29, 28, , 
2020/12/5, 52, , 23, 29, , 
2020/12/6, 68, , 32, 25, , 
2020/12/7, 73, , 28, 28, , 
2020/12/8, 64, , 22, 20, , 
2020/12/9, 40, , 25, 22, , 
2020/12/10, 51, , 31, 19, , 
2020/12/11, 58, , 30, 18, , 
2020/12/12, 70, , 29, 15, , 
2020/12/13, 62, , 30, 14, , 
2020/12/14, 49, , 28, 7, , 
2020/12/15, 30, , 27, 18, , 
2020/12/16, 36, , 25, 24, , 
2020/12/17, 49, , 31, 16, , 
2020/12/18, 51, , 26, 20, , 
2020/12/19, 53, , 27, 23, , 
2020/12/20, 60, , 33, 22, , 
2020/12/21, 51, , 32, 24, , 
2020/12/22, 48, , 24, 29, , 
2020/12/23, 67, , 18, 28, , 
2020/12/24, 89, , 8, 28, , 
2020/12/25, 68, , 32, 11, , 
2020/12/26, 53, , 30, 19, , 
2020/12/27, 72, , 28, 11, , 
2020/12/28, 64, , 28, 8, , 
2020/12/29, 36, , 28, 15, , 
2020/12/30, 46, , 23, 22, , 
2020/12/31, 43, , 30, 13, , 
2021/1/1, 43, , 32, 8, , 
2021/1/2, 35, , 24, 19, , 
2021/1/3, 62, , 27, 15, , 
2021/1/4, 69, , 23, 18, , 
2020/8/24, 75, , 36, 5, , 
2020/8/25, 62, , 44, 9, , 
2020/8/26, 59, , 42, 12, , 
2020/8/27, 54, , 55, 12, , 
2020/8/28, 67, , 49, 13, , 
2020/8/29, 62, , 45, 6, , 
2020/8/30, 53, , 47, 4, , 
2020/8/31, 54, , 44, 4, , 
2020/9/1, 49, , 46, 4, , 
2020/9/2, 55, , 48, 8, , 
2020/9/3, 54, , 64, 12, , 
2020/9/4, 61, , 95, 16, , 
2020/9/5, 77, , 97, 15, , 
2020/9/6, 68, , 91, 13, , 
2020/9/7, 62, , , , , 
2020/9/9, 61, , 36, 14, , 
2020/9/10, 61, , 16, 27, , 
2020/9/11, 78, , 43, 26, , 
2020/9/12, 111, , 38, 26, , 
2020/9/13, 132, , 78, 17, , 
2020/9/14, 132, , 91, 20, , 
2020/9/15, 145, , 75, 20, , 
2020/9/16, 135, , 53, 20, , 
2020/9/17, 72, , 57, 23, , 
2020/9/18, 61, , 83, 23, , 
2020/9/19, 75, , 58, 16, , 
2020/9/20, 65, , 68, 13, , 
2020/9/21, 76, , 59, 10, , 
2020/9/22, 72, , 60, 10, , 
2020/9/23, 69, , 65, 14, , 
2020/9/24, 66, , 66, 20, , 
2020/9/25, 69, , 58, 18, , 
2020/9/26, 73, , 64, 12, , 
2020/9/27, 73, , 57, 7, , 
2020/9/28, 71, , 75, 11, , 
2020/9/29, 66, , 78, 16, , 
2020/9/30, 60, , 71, 22, , 
2020/10/1, 58, , 89, 24, , 
2024/9/7, , , 79, , , 
2024/9/8, , , 71, , , 
2024/9/9, , , 47, 5, , 
2024/4/28, , , 45, 8, , 
2024/4/29, , , 39, 10, , 
2024/4/30, , , 46, 10, , 
2022/7/4, , , 41, 1, , 
2021/6/14, , , 47, 12, , 
2021/6/15, , , 71, 17, , 
2021/6/16, , , 49, 11, , 
2020/8/23, , , 41, 4, , 
2020/9/8, , , 23, 8, , 